Upper Level,Lower Level
Mothra_Rotation,FTP_S1
Mothra_Rotation,FTP_S2
Mothra_Rotation,FTP_S3
Mothra_Rotation,JA_S1
Mothra_Rotation,JA_S2
Mothra_Rotation,JA_S3
HPC_Rotation_25,FTP_S1
HPC_Rotation_25,FTP_S2
HPC_Rotation_25,FTP_S3
HPC_Rotation_25,JA_S1
HPC_Rotation_25,JA_S2
HPC_Rotation_25,JA_S3
Jeremiah_Rotation,FTP_S1
Jeremiah_Rotation,FTP_S2
Jeremiah_Rotation,FTP_S3
Mothra_Slide,FTP_S1
Mothra_Slide,FTP_S2
Mothra_Slide,FTP_S3
Mothra_Slide,JA_S1
Mothra_Slide,JA_S2
Mothra_Slide,JA_S3
HPC_Slide,FTP_S1
HPC_Slide,FTP_S2
HPC_Slide,FTP_S3
HPC_Slide,JA_S1
HPC_Slide,JA_S2
HPC_Slide,JA_S3
Misc_Slide,FTP_S1
Misc_Slide,FTP_S2
Misc_Slide,FTP_S3
Misc_Slide,JA_S1
Misc_Slide,JA_S2
Misc_Slide,JA_S3
Misc_Slide,JA_S2
